Mechanism Code,Type,Code,Type,Name,Description,Standards,Weight,percentageChoice0,percentageChoice2,percentageChoice3,percentageChoice4,percentageChoice5
S.AC,design,S.AC.D1,Boolean,Provision for Deterrent Controls,"Deterrent controls reduce the likelihood of a deliberate attack and is usually in the form of a tangible object or person, as in the case of locks, CCTVs and guards.",,1,0,100,100,100,
S.AC,design,S.AC.D2,Boolean,Provision for Preventative Controls,"Preventative measures are intended to be put in place before a threat event in order to lessen the chance and potential consequences of a successful threat event. Policies, standards, protocols, procedures, encryption, firewalls, and physical barriers are a few examples of preventative measures.",,1,0,0,0,100,
S.AC,design,S.AC.D3,Boolean,Provision for Detective Controls,"Detective controls are intended to identify a threat event as it is happening and to aid in inquiries and audits after the event has taken place. Detective controls include things like host and network intrusion detection of threat events, antivirus identification of malicious code, and security event log monitoring.",,1,0,100,100,100,
S.AC,design,S.AC.D4,Boolean,Provision for Corrective Controls,"Corrective measures are intended to lessen the possible impact of a threat event after it has already happened and restore regular operations. The automatic eradication of harmful code by antivirus software, business continuity and recovery strategiesare a few examples of corrective controls.",,1,0,0,100,100,
S.AC,design,S.AC.D5,Boolean,Provision for policy enforcement / decision / Information Points,A PEP is a system entity that requests authorization decisions and subsequently enforces them. Such entity can be  a software mechanism (such as the access control mechanism of a file system or Web server) or hardware network device that protects (in terms of regulating access to) the resources exposed.,https://csrc.nist.gov/glossary/term/policy_enforcement_point,1,0,0,0,0,
S.AC,design,S.AC.D6,Boolean,Is the AC enforced by a client/server communication protocol?,The enforcement of the AC methods through client / server protocols ensures a higher level of security and consistency than local enforcements.,,1,0,0,0,0,
S.AC,design,S.AC.D7,Percentage,Which percentage of applications/modules are covered by AC methods?,AC methods should be applied to the totality of system components and applications.,,1,0,25,50,75,
S.AC,design,S.AC.D8,Boolean,Does the AC system support host-based rules?,Host-based access control specifies which users (or user groups) are permitted to access particular hosts (or host groups) via particular services (or services in a service group). This allows you to restrict access to a particular system in your domain to a specific user group and to permit just a particular service to access the systems in your domain.,,1,0,0,0,100,
S.AC,design,S.AC.D9,Percentage,What is the level of configurability of the AC system?,"0% - Not configurable
25% - Limited configuration possibilities
50% - Standard configuration possibilities
75% - Role-based or advance configuration possibilities
100% - Capable of handling possible future policy changes",,1,0,25,50,75,
S.AC,design,S.AC.D10,Boolean,Provision for session termination,"The organisation defines conditions or trigger events requiring session disconnect, and the information system terminates a user session automatically when the organization-defined criteria or trigger events requiring session disconnect occur.",AC-12 SESSION TERMINATION from NIST 800-171,1,0,0,0,0,
S.AC,operational,S.AC.O1,Boolean,Deployment of Deterrent Controls,"Deterrent controls reduce the likelihood of a deliberate attack and is usually in the form of a tangible object or person, as in the case of locks, CCTVs and guards.",,1,0,100,100,100,
S.AC,operational,S.AC.O2,Boolean,Deployment of Preventive Controls,"Preventative measures are intended to be put in place before a threat event in order to lessen the chance and potential consequences of a successful threat event. Policies, standards, protocols, procedures, encryption, firewalls, and physical barriers are a few examples of preventative measures.",,1,0,0,0,100,
S.AC,operational,S.AC.O3,Boolean,Deployment of Detective Controls,"Detective controls are intended to identify a threat event as it is happening and to aid in inquiries and audits after the event has taken place. Detective controls include things like host and network intrusion detection of threat events, antivirus identification of malicious code, and security event log monitoring.",,1,0,0,100,100,
S.AC,operational,S.AC.O4,Boolean,Deployment of Corrective Controls,"Corrective measures are intended to lessen the possible impact of a threat event after it has already happened and restore regular operations. The automatic eradication of harmful code by antivirus software, business continuity and recovery strategiesare a few examples of corrective controls.",,1,0,0,100,100,
S.AC,operational,S.AC.O5,Boolean,Information Flow enforcement has been deployed.,A PEP is a system entity that requests authorization decisions and subsequently enforces them. Such entity can be  a software mechanism (such as the access control mechanism of a file system or Web server) or hardware network device that protects (in terms of regulating access to) the resources exposed.,,1,0,0,0,0,
S.AC,operational,S.AC.O6,Boolean,Does the response time of granting an access request meet the organization’s requirement?,"Will the AC system process subject access requests in a timely manner?
AC enforcement includes the number of operations required to approve a subject's access request and assess the safety (if available) of an access request. 
Measurement is based on the system model's computational complexity. 
Administrators should consider the worst-case subject count to evaluate performance.",NISTIR 7874,1,0,0,0,100,
S.AC,operational,S.AC.O7,Boolean,Does the response time for the maximum number of access requests in an expected timeframe meet the organization’s requirement?,"Will the AC system process subject access requests in a timely manner?
AC enforcement includes the number of operations required to approve a subject's access request and assess the safety (if available) of an access request. 
Measurement is based on the system model's computational complexity. 
Administrators should consider the worst-case subject count to evaluate performance.",NISTIR 7875,1,0,0,0,100,
S.AC,operational,S.AC.O8,Boolean,Does the response time for activating and revoking AC rules meet the organization’s requirement?,"Will the AC system process subject access requests in a timely manner?
AC enforcement includes the number of operations required to approve a subject's access request and assess the safety (if available) of an access request. 
Measurement is based on the system model's computational complexity. 
Administrators should consider the worst-case subject count to evaluate performance.",NISTIR 7876,1,0,0,0,100,
S.SAA,design,S.SAA.D1,Boolean,Plans of actions and milestones are defined.,"A document that specifies tasks that must be performed in order to achieve a sufficient level of security. It specifies the resources required to execute the plan's components, the tasks' milestones, and the completion deadlines for each milestone.",,1,0,100,100,100,
S.SAA,design,S.SAA.D2,Percentage,Potential degradation or Collateral Damage Potential (CDP),"The collateral damage potential (CDP) metric measures the potential loss or impact on either physical assets or the financial impact upon the affected organisation if a vulnerability is exploited.
100% No impact
80% Low
40% Low-Medium
20% Medium-High, 
0% High","MAGERIT, MITRE CVSS",1,0,20,40,100,
S.SAA,design,S.SAA.D3,Percentage,Threat scenario potential or Impact Subscore Modifier (ISM),"These metrics assess the specific security requirements for confidentiality (CR), integrity (IR) and availability (AR) in the case of EIDS.
100% for Loss of (confidentiality / integrity / availability) is likely to have only a limited effect on the organisation
50% Loss of (confidentiality / integrity / availability) is likely to have a serious effect on the organisation
0% Loss of (confidentiality / integrity / availability) is likely to have a catastrophic effect on the organisation","MAGERIT, MITRE CVSS",1,0,0,50,100,
S.SAA,design,S.SAA.D4,Percentage,Vulnerability potential or Target Distribution (TD),"The target distribution (TD) metric measures the proportion of vulnerable systems in the environment. 
100% None, 75% Low, 25% Medium, 0% High","MAGERIT, MITRE CVSS",1,0,25,50,75,
S.SAA,design,S.SAA.D5,Boolean,Provision for controls’ testing,"The testing and/or assessment of the management, operational, and technical security controls in an information system to establish the extent to which the measures are correctly installed, performing as intended, and meeting the system's security needs. 
Effectiveness is defined as the extent to which the controls are implemented correctly, operating as intended, and producing the desired outcome with respect to meeting the security requirements for the system.",NIST 800-137,1,0,0,0,0,
S.SAA,design,S.SAA.D6,Boolean,An ISMS is provisioned,"An information security management system (ISMS) is the compilation of all interrelated/interacting information security elements of an organisation in order to ensure that policies, procedures, and objectives can be developed, implemented, communicated, and evaluated in such a way to improve an organization's overall information security.",,1,0,0,0,100,
S.SAA,design,S.SAA.D7,Percentage,No of external security audits planned ,"An External Security Audit is the remote examination of the IT Security and Network Security by a third party. The objective is to reveal vulnerabilities and configuration issues, while educating and safeguarding businesses against cyber security threats. 
The external security audit also verifies that all services utilised by your organisation are effectively and securely configured.
100% one or more/year
66% one/2 years
33% one/5 years
0% None",,1,0,0,33,66,
S.SAA,design,S.SAA.D8,Boolean,Provision for AC log auditing,"The AC auditing procedure collects information about system activities and analyses it to detect security violations or determine their root cause. Analysis can be conducted offline after the fact or in real time online.
Auditing log should monitor the system continuosly, identifying and storing 3rd party accesses as well as denied/granted accesses.",,1,0,0,100,100,
S.SAA,design,S.SAA.D9,Boolean,Provision for customised audit information-providing capabilities,"The AC auditing procedure collects information about system activities and analyses it to detect security violations or determine their root cause. Analysis can be conducted offline after the fact or in real time online.
Auditing log should monitor the system continuosly, identifying and storing 3rd party accesses as well as denied/granted accesses.",,1,0,0,100,100,
S.SAA,design,S.SAA.D10,Boolean,Does the AC system provide policy identification for multiple policies?,"Information Security Policy document Is a collection of implementation-independent, conceptual information security policy statements that regulate the organization's security objectives. 
Along with a hierarchy of standards, guidelines, and procedures, policies aids in the implementation and enforcement.",,1,0,100,100,100,
S.SAA,design,S.SAA.D11,Boolean,Does the AC system allow policy expiration assignment?,"Information Security Policy document Is a collection of implementation-independent, conceptual information security policy statements that regulate the organization's security objectives. 
Along with a hierarchy of standards, guidelines, and procedures, policies aids in the implementation and enforcement.",,1,0,0,0,0,
S.SAA,design,S.SAA.D12,Boolean,Provision to avoid policy rules conflict,"Information Security Policy document Is a collection of implementation-independent, conceptual information security policy statements that regulate the organization's security objectives. 
Along with a hierarchy of standards, guidelines, and procedures, policies aids in the implementation and enforcement.",,1,0,0,0,0,
S.SAA,operational,S.SAA.O1,Percentage,Residual thread scenario or ISM,"These metrics assess the specific security requirements for confidentiality (CR), integrity (IR) and availability (AR) in the case of EIDS.
100% for Loss of (confidentiality / integrity / availability) is likely to have only a limited effect on the organisation
50% Loss of (confidentiality / integrity / availability) is likely to have a serious effect on the organisation
0% Loss of (confidentiality / integrity / availability) is likely to have a catastrophic effect on the organisation","MAGERIT, MITRE CVSS",1,0,50,100,,
S.SAA,operational,S.SAA.O2,Percentage,Residual vulnerability potential or TD,"The target distribution (TD) metric measures the proportion of vulnerable systems in the environment. 
100% None, 75% Low, 25% Medium, 0% High","MAGERIT, MITRE CVSS",1,0,50,100,,
S.SAA,operational,S.SAA.O3,Percentage,Efficacy of controls deployed ,"The testing and/or assessment of the management, operational, and technical security controls in an information system to establish the extent to which the measures are correctly installed, performing as intended, and meeting the system's security needs. 
Effectiveness is defined as the extent to which the controls are implemented correctly, operating as intended, and producing the desired outcome with respect to meeting the security requirements for the system.
0% not implemented,
33% implemented incorrectly or not fully implemented
66% fully implemented, not achieving the security requirements
100% fully implemented and with desidered outcome",NIST 800-137,1,0,0,100,,
S.SAA,operational,S.SAA.O4,Boolean,An ISMS is established,"An information security management system (ISMS) is the compilation of all interrelated/interacting information security elements of an organisation in order to ensure that policies, procedures, and objectives can be developed, implemented, communicated, and evaluated in such a way to improve an organization's overall information security.",,1,0,0,0,,
S.SAA,operational,S.SAA.O5,Percentage,No of external security audits conducted ,"An External Security Audit is the remote examination of the IT Security and Network Security by a third party. The objective is to reveal vulnerabilities and configuration issues, while educating and safeguarding businesses against cyber security threats. 
The external security audit also verifies that all services utilised by your organisation are effectively and securely configured.
100% one or more/year
66% one/2 years
33% one/5 years
0% None",,1,0,66,66,,
S.SAA,operational,S.SAA.O6,Boolean,AC system log contains 3rd party accesses,"The AC auditing procedure collects information about system activities and analyses it to detect security violations or determine their root cause. Analysis can be conducted offline after the fact or in real time online.
Auditing log should monitor the system continuosly, identifying and storing 3rd party accesses as well as denied/granted accesses.",,1,0,0,0,,
S.SAA,operational,S.SAA.O7,Boolean,AC system log contains denied access requests,"The AC auditing procedure collects information about system activities and analyses it to detect security violations or determine their root cause. Analysis can be conducted offline after the fact or in real time online.
Auditing log should monitor the system continuosly, identifying and storing 3rd party accesses as well as denied/granted accesses.",,1,0,66,100,,
S.SAA,operational,S.SAA.O8,Boolean,AC system log contains granted access requests,"The AC auditing procedure collects information about system activities and analyses it to detect security violations or determine their root cause. Analysis can be conducted offline after the fact or in real time online.
Auditing log should monitor the system continuosly, identifying and storing 3rd party accesses as well as denied/granted accesses.",,1,0,100,100,,
S.SAA,operational,S.SAA.O9,Boolean,Continuous traffic monitoring is in place ,"The AC auditing procedure collects information about system activities and analyses it to detect security violations or determine their root cause. Analysis can be conducted offline after the fact or in real time online.
Auditing log should monitor the system continuosly, identifying and storing 3rd party accesses as well as denied/granted accesses.",,1,0,0,100,,
S.SAA,operational,S.SAA.O10,Boolean,Does the AC system provide policy source authorization?,"Information Security Policy document Is a collection of implementation-independent, conceptual information security policy statements that regulate the organization's security objectives. 
Along with a hierarchy of standards, guidelines, and procedures, policies aids in the implementation and enforcement.",,1,0,0,0,,
S.AAA,design,S.AAA.D1,Boolean,Provision of an ISMS ,"An information security management system (ISMS) is the compilation of all interrelated/interacting information security elements of an organisation in order to ensure that policies, procedures, and objectives can be developed, implemented, communicated, and evaluated in such a way to improve an organization's overall information security.",,1,0,100,100,100,
S.AAA,design,S.AAA.D2,Boolean,Provision for policy enforcement using standard protocols,"The system must allow the configurability of the policies to meet the current and future requirements of the organization. 
In particular, the system should be able to import / export policies expressed through standard protocols, guaranteeing a higher level of security and manageriability.
Furthermore, these policies may, in turn, originate from the combination of external rules, inherent in different policy models.",,1,0,100,100,100,
S.AAA,design,S.AAA.D3,Boolean,System capable of combining policy rules of different policies ,"The system must allow the configurability of the policies to meet the current and future requirements of the organization. 
In particular, the system should be able to import / export policies expressed through standard protocols, guaranteeing a higher level of security and manageriability.
Furthermore, these policies may, in turn, originate from the combination of external rules, inherent in different policy models.",,1,0,0,100,100,
S.AAA,design,S.AAA.D4,Boolean,AC system capable of combining different policy models ,"The system must allow the configurability of the policies to meet the current and future requirements of the organization. 
In particular, the system should be able to import / export policies expressed through standard protocols, guaranteeing a higher level of security and manageriability.
Furthermore, these policies may, in turn, originate from the combination of external rules, inherent in different policy models.",,1,0,0,100,100,
S.AAA,design,S.AAA.D5,Boolean,"AC functions to convert, import, or export external AC policies ","The system must allow the configurability of the policies to meet the current and future requirements of the organization. 
In particular, the system should be able to import / export policies expressed through standard protocols, guaranteeing a higher level of security and manageriability.
Furthermore, these policies may, in turn, originate from the combination of external rules, inherent in different policy models.",,1,0,0,0,0,
S.AAA,design,S.AAA.D6,Boolean,Provision to enforce the least privilege principle ,The least privilege principle states that a security architecture should be designed so that each entity is granted the minimum system resources and authorizations that the entity needs to perform its function.,NIST 800-12,1,0,0,0,0,
S.AAA,design,S.AAA.D7,Boolean,System capable of specifying Static SoD rules ,"The fundamental idea behind the concept of Segregation of Tasks (SoD) is that no individual or group of employees should be able to create fraudulent or erroneous transactions as part of their routine duties. In the context of user access, a SoD ""ruleset"" is a thorough collection of access combinations that would pose a risk to an organisation if performed by a single user. Each unique access combination is referred to as a ""rule"" of SoD. Separation of duties can be enforced either statically (by defining conflicting roles, i.e., roles which cannot be executed by the same user) or dynamically (by enforcing the control at access time).",NIST 800-192,1,0,0,0,100,
S.AAA,design,S.AAA.D8,Boolean,System capable of specifying Dynamic SoD rules ,"The fundamental idea behind the concept of Segregation of Tasks (SoD) is that no individual or group of employees should be able to create fraudulent or erroneous transactions as part of their routine duties. In the context of user access, a SoD ""ruleset"" is a thorough collection of access combinations that would pose a risk to an organisation if performed by a single user. Each unique access combination is referred to as a ""rule"" of SoD. Separation of duties can be enforced either statically (by defining conflicting roles, i.e., roles which cannot be executed by the same user) or dynamically (by enforcing the control at access time).",NIST 800-192,1,0,0,0,100,
S.AAA,design,S.AAA.D9,Boolean,Provision for challenge-response mechanisms ,"Challenge-Response mechanisms are the most common method of action authentication. 
They are protocols in which one side provides a challenge (to be replied) and the other side must present a correct response (to be checked/validated) to the challenge. 
CRAM aids in resolving certain cyber assaults, such as Replay, and prevents credentials from being transmitted over the network.",,1,0,0,0,0,
S.AAA,operational,S.SAA.O4,Boolean,An ISMS is established,"An information security management system (ISMS) is the compilation of all interrelated/interacting information security elements of an organisation in order to ensure that policies, procedures, and objectives can be developed, implemented, communicated, and evaluated in such a way to improve an organization's overall information security.",,1,0,100,100,,
S.AAA,operational,S.SAA.O5,Boolean,API to 3rd party authentication ,"Third-party authentication servers can be used to improve security while facilitating access to the system. 
Specifically, the system connects to an external  trusted server where the user is already known, obtaining a cryptographic token for authentication.",,1,0,0,0,,
S.AAA,operational,S.SAA.O6 ,Boolean,Change control/incident tickets present  ,Production environments should be modified only after a ticket is raised.,,1,0,100,100,,
S.AAA,operational,S.SAA.O7,Percentage,Efficacy of controls deployed,"The testing and/or assessment of the management, operational, and technical security controls in an information system to establish the extent to which the measures are correctly installed, performing as intended, and meeting the system's security needs. 
Effectiveness is defined as the extent to which the controls are implemented correctly, operating as intended, and producing the desired outcome with respect to meeting the security requirements for the system.
0% not implemented,
33% implemented incorrectly or not fully implemented
66% fully implemented, not achieving the security requirements
100% fully implemented and with desidered outcome",NIST 800-137,1,0,100,100,,
S.AAA,operational,S.SAA.O8,Boolean,Enforcing operational/situational awareness control(s) ,,,1,0,0,0,,
S.AAA,operational,S.SAA.O9,Percentage,False acception rate (100%-FAR),"FAR relates to the  authentication algorithm's security and provides a statistical indicator of the likelihood that two different people can access the system, i.e. it cannot distinguish between two distinct fingerprints or other user-input. 
Score is 100%-FAR",,1,0,0,0,,
S.AAA,operational,S.SAA.O10,Percentage,False rejection rate (100%-FRR),"FRR is the probability (0-100%) that the AAA system does not detect a match between the user-provided input and the corresponding entry in the database. Or, equivalently, it estimates the percentage of valid inputs that are incorrectly rejected. Score is 100%-FRR",,1,0,0,0,,
S.AAA,operational,S.SAA.O11,Percentage,Authorisation Rate (AR) %,AR is the probability (0-100%) of an access request to be accepted.,,1,0,0,0,,
S.AAA,operational,S.SAA.O12,Boolean,Secure storage for accounting records ,Accounting records and permission should be stored in a secure (possible tamper proof) storage,,1,0,0,100,,
S.AAA,operational,S.SAA.O13,Boolean,Safety check capabilities to prevent leaking of permissions ,Continuous or periodic safety checks should be conducted to verify/prevent the leak of permissions or accounts.,,1,0,0,0,,
S.AAA,operational,S.SAA.O14,Boolean,Response to audit processing failures ,Audit processing failures are properly investigated and processed.,,1,0,0,0,,
S.AAA,operational,S.SAA.O15,Boolean,Audit record retention ,A retention policy has been defined and deployed for AAA audit.,,1,0,0,100,,
S.AAA,operational,S.SAA.O16,Boolean,Cross-organisation auditing supported ,Auditing is homogeneously and globally applied to the entire organisation.,,1,0,0,100,,
S.SSO,design,S.SSO.D1,Boolean,Provision for open SSO standards support ,"Single Sign-on (SSO) enables a user to access various apps using a single set of login credentials, such as a username and password, or even multi-factor authentication. This requires open standard protocols to establish how service providers (SPs) and identity providers (IdPs) can share identity and authentication information in order for SSO to function.",,1,0,100,100,,
S.SSO,design,S.SSO.D2,Boolean,Provision for 3rd party MFA support ,"Multi-factor Authentication (MFA) is an authentication system that requires the user to give two or more verification factors in order to access the system. MFA is a fundamental element of a robust identity and access management (IAM) strategy. MFA needs one or more extra verification criteria in addition to a username and password, which reduces the risk of a successful cyber attack. It is also important to investigate how good different MFA techniques work with specific groups of the population.",,1,0,0,100,,
S.SSO,design,S.SSO.D3,Boolean,Provision for IWA ,"Integrated Windows Authentication employs the Windows client and server security features. In contrast to Basic and Digest authentication, it does not initially prompt users for a username and password. Web browsers provide the current Windows user information on the client computer through a cryptographic transaction involving hashing with the Web server. If the authentication exchange first fails to identify the user, the web browser will prompt the user for the user name and password for their Windows user account.",,1,0,100,100,,
S.SSO,design,S.SSO.D4,Boolean,Provision for self-service password reset (SSPR) ,"Self-service password reset (SSPR) is any procedure or technology that enables users who have forgotten their password or triggered an intruder lockout to authenticate with an alternate factor and fix their own problem without contacting the help desk.
From a security point of view, it is important to impose a limit to the number of temporary tokens used in the process.",,1,0,0,0,,
S.SSO,design,S.SSO.D5,Boolean,Sign-in frequency control policy defined,"Whatever the modality of sign-in, it is important to define and apply a policy relating to the maximum frequency with which these accesses, or access attempts, can take place, for example as a deterrent to automated accesses.",,1,0,0,0,,
S.SSO,operational,S.SSO.O1,Boolean,Privacy preserving MFA techniques deployed,"Multi-factor Authentication (MFA) is an authentication system that requires the user to give two or more verification factors in order to access the system. MFA is a fundamental element of a robust identity and access management (IAM) strategy. MFA needs one or more extra verification criteria in addition to a username and password, which reduces the risk of a successful cyber attack. It is also important to investigate how good different MFA techniques work with specific groups of the population.",,1,0,100,100,,
S.SSO,operational,S.SSO.O2,Boolean,MFA usage patterns Analyser deployed ,"Multi-factor Authentication (MFA) is an authentication system that requires the user to give two or more verification factors in order to access the system. MFA is a fundamental element of a robust identity and access management (IAM) strategy. MFA needs one or more extra verification criteria in addition to a username and password, which reduces the risk of a successful cyber attack. It is also important to investigate how good different MFA techniques work with specific groups of the population.",,1,0,0,100,,
S.SSO,operational,S.SSO.O3,Boolean,Upper limit for the number of temporary verification codes,"Self-service password reset (SSPR) is any procedure or technology that enables users who have forgotten their password or triggered an intruder lockout to authenticate with an alternate factor and fix their own problem without contacting the help desk.
From a security point of view, it is important to impose a limit to the number of temporary tokens used in the process.",,1,0,0,100,,
S.SSO,operational,S.SSO.O4,Boolean,Sign-in frequency control policy implemented ,"Whatever the modality of sign-in, it is important to define and apply a policy relating to the maximum frequency with which these accesses, or access attempts, can take place, for example as a deterrent to automated accesses.",,1,0,0,100,,
S.IGI,design,S.IGI.D1,Boolean,Provision for compliance with industry connectors ,"Connectors are used to integrate Identity Governance platform with external, identity-aware applications.",,1,0,100,0,100,
S.IGI,design,S.IGI.D2,Boolean,Provision for groups that can create and monitor access review ,A group of people responsible for reviewing AC methods and accesses.,,1,0,0,0,0,
S.IGI,design,S.IGI.D3,Boolean,Provision for an entitlement catalogue ,"The entitlement catalogue facilitate the management that grants, resolves, enforces, revokes and administers fine-grained access entitlements (also referred to as “authorizations,” “privileges,” “access rights,” “permissions” and/or “rules”).",,1,0,0,0,0,
S.IGI,design,S.IGI.D4,Boolean,Provision for an audit connector ,"The audit connector facilitates the automation of audit processes, especially if conducted by external and 3rd parties institutions.",,1,0,0,100,100,
S.IGI,design,S.IGI.D5,Boolean,Provision for IDM policies ,Identity management (IDM) is a framework of rules and policies to guarantee that only the right users—those who are a part of the network surrounding or residing inside an enterprise—have access to the resources needed to use technology.,,1,0,0,0,0,
S.IGI,design,S.IGI.D6,Boolean,Catalogue of assets ,An asset in a catalog contains information about data or data analysis.,,1,0,0,0,0,
S.IGI,design,S.IGI.D7,Boolean,Catalogue of controls ,"The security control catalogue contains statements describing the behaviour, mechanisms, and indications of implementation for each control as well as references to additional pertinent documentation. ",,1,0,0,0,0,
S.IGI,design,S.IGI.D8,Boolean,Provision for Segregation of Duties violation policy ,"The fundamental idea behind the concept of Segregation of Tasks (SoD) is that no individual or group of employees should be able to create fraudulent or erroneous transactions as part of their routine duties. In the context of user access, a SoD ""ruleset"" is a thorough collection of access combinations that would pose a risk to an organisation if performed by a single user. Each unique access combination is referred to as a ""rule"" of SoD.",,1,0,0,0,0,
S.IGI,operational,S.IGI.O1,Boolean,Periodic review of connectors and applications ,"Connectors are used to integrate Identity Governance platform with external, identity-aware applications.",,1,0,0,100,,
S.IGI,operational,S.IGI.O2,Boolean,Technical AC implemented ,A group of people responsible for reviewing AC methods and accesses.,,1,0,0,0,,
S.IGI,operational,S.IGI.O3,Boolean,Audit Connector present ,"The audit connector facilitates the automation of audit processes, especially if conducted by external and 3rd parties institutions.",,1,0,100,100,,
S.IGI,operational,S.IGI.O4,Boolean,IDM application repository present ,Identity management (IDM) is a framework of rules and policies to guarantee that only the right users—those who are a part of the network surrounding or residing inside an enterprise—have access to the resources needed to use technology.,,1,0,0,0,,
S.IGI,operational,S.IGI.O5,Boolean,Evidence of compliance with standards when processing data in unstructured data repositories ,,,1,0,0,0,,
S.ELS,design,S.ELS.D1,Boolean,Provision for multi-vendor ID security solutions ,"Employing multi-vendor security systems provides a number of advantages. For example, if one vendor doesn’t find the latest threat, maybe another one will. The availability of more product choices may lower the risk of being locked into one vendor or product, concurrently reducing the total cost of ownership potential due to vendors competition.",,1,0,100,,,
S.ELS,design,S.ELS.D2,Boolean,Provision for multi-layer technical controls,"It's crucial to not rely solely on one product category for security; for instance, owning a firewall alone is insufficient. The best defence is a multi-layered security strategy that covers several product categories. The likelihood of maintaining a good security defence increases with layer count.",,1,0,100,,,
S.ELS,operational,S.ESL.O1,Boolean,Presence of multi-vendor ID security solutions ,"Employing multi-vendor security systems provides a number of advantages. For example, if one vendor doesn’t find the latest threat, maybe another one will. The availability of more product choices may lower the risk of being locked into one vendor or product, concurrently reducing the total cost of ownership potential due to vendors competition.",,1,0,100,100,,
S.ELS,operational,S.ESL.O2,Boolean,Technical multi-layer controls deployed ,"It's crucial to not rely solely on one product category for security; for instance, owning a firewall alone is insufficient. The best defence is a multi-layered security strategy that covers several product categories. The likelihood of maintaining a good security defence increases with layer count.",,1,0,100,100,,
S.ELS,operational,S.ESL.O3,Percentage,Efficacy of controls deployed,"The testing and/or assessment of the management, operational, and technical security controls in an information system to establish the extent to which the measures are correctly installed, performing as intended, and meeting the system's security needs. 
Effectiveness is defined as the extent to which the controls are implemented correctly, operating as intended, and producing the desired outcome with respect to meeting the security requirements for the system.",,1,0,0,50,,
S.DD,design,S.DD.D1,Boolean,Provision for Incident Response procedures ,"Your security team can utilise an incident response plan to identify, eliminate, and recover from cyberthreats. It is intended to help your team respond swiftly and consistently to any type of external threat.",,1,0,100,,,
S.DD,design,S.DD.D2,Boolean,Provision for physical security aspects ,"Physical security refers to measures designed to deny unauthorised access to facilities, equipment, and resources and to protect personnel and property from harm or damage (such as espionage, theft, or terrorist attacks).",,1,0,100,,,
S.DD,design,S.DD.D3,Boolean,Provision for escalation procedures ,A process of escalation simplifies the channels and boundaries of decision-making within an organisation in order to quickly and effectively resolve the problem. The escalation process may also be referred to as an escalation workflow in which a high-priority issue is escalated to a high-level authority.,,1,0,100,,,
S.DD,operational,S.DD.O1,Boolean,Incident Response plan tested ,"Your security team can utilise an incident response plan to identify, eliminate, and recover from cyberthreats. It is intended to help your team respond swiftly and consistently to any type of external threat.",,1,0,100,100,,
S.DD,operational,S.DD.O2,Boolean,Communication and escalation procedures tested ,"Physical security refers to measures designed to deny unauthorised access to facilities, equipment, and resources and to protect personnel and property from harm or damage (such as espionage, theft, or terrorist attacks).",,1,0,100,100,,
S.DD,operational,S.DD.O3,Boolean,Percentage of critical cyber resources to which multiple defenses are applied ,A process of escalation simplifies the channels and boundaries of decision-making within an organisation in order to quickly and effectively resolve the problem. The escalation process may also be referred to as an escalation workflow in which a high-priority issue is escalated to a high-level authority.,,1,0,25,75,,
S.PEP,design,S.PEP.D1,Boolean,Provision for PIA/DPIA ,"Privacy Impact Assessment (PIA) is concerned with analysing how an organisation collects, uses, shares, and maintains personally identifiable information in relation to existing risks. The objective of a Data Protection Impact Assessment (DPIA) is to identify and mitigate risks associated with the processing of personal data.",NIST 7874,1,0,100,100,,
S.PEP,design,S.PEP.D2,Boolean,Provision for data classification programme(s)   ,"A data classification policy is a comprehensive plan used to classify a company's stored information according to its level of sensitivity, ensuring proper handling and reducing organisational risk.",NIST 7874,1,0,0,0,,
S.PEP,design,S.PEP.D3,Boolean,Provision for DLP ,"Data loss prevention (DLP) is a collection of tools and procedures used to prevent sensitive data from being lost, mishandled, or accessed by unauthorised users. DLP software classifies regulated, confidential, and business-critical data and identifies violations of policies defined by organisations or within a predefined policy pack, typically in response to regulatory compliance requirements such as HIPAA, PCI-DSS, or GDPR.",NIST 7874,1,0,0,100,,
S.PEP,design,S.PEP.D4,Boolean,Provision for PET ,"Privacy Enhancing Technologies are technologies that enable organisations to share and use individuals' data in a responsible, legal, and secure manner, including by minimising the amount of data used and encrypting or anonymizing personal information.",NIST 7874,1,0,0,100,,
S.PEP,operational,S.PEP.O1,Boolean,PIA/DPIA executed ,"Privacy Impact Assessment (PIA) is concerned with analysing how an organisation collects, uses, shares, and maintains personally identifiable information in relation to existing risks. The objective of a Data Protection Impact Assessment (DPIA) is to identify and mitigate risks associated with the processing of personal data.",NIST 7874,1,0,100,100,,
S.PEP,operational,S.PEP.O2,Boolean,Data classification schemes applied,"A data classification policy is a comprehensive plan used to classify a company's stored information according to its level of sensitivity, ensuring proper handling and reducing organisational risk.",NIST 7874,1,0,0,0,,
S.PEP,operational,S.PEP.O3,Boolean,DLP technology deployed,"Data loss prevention (DLP) is a collection of tools and procedures used to prevent sensitive data from being lost, mishandled, or accessed by unauthorised users. DLP software classifies regulated, confidential, and business-critical data and identifies violations of policies defined by organisations or within a predefined policy pack, typically in response to regulatory compliance requirements such as HIPAA, PCI-DSS, or GDPR.",NIST 7874,1,0,0,100,,
S.PEP,operational,S.PEP.O4,Boolean,PET deployed ,"Privacy Enhancing Technologies are technologies that enable organisations to share and use individuals' data in a responsible, legal, and secure manner, including by minimising the amount of data used and encrypting or anonymizing personal information.",NIST 7874,1,0,0,100,,
S.RC,design,S.RC.D1,Boolean,Provision for internal audits ,,,1,0,100,100,,
S.RC,design,S.RC.D2,Boolean,Provision for external audit ,,,1,0,0,100,,
S.RC,design,S.RC.D3,Boolean,Provision for certification and accreditation activities ,,,1,0,0,0,,
S.RC,operational,S.RC.O1,Percentage,Percentage of internal audits completed on-time,%,,1,0,,,,
S.RC,operational,S.RC.O2,Percentage,Percentage of external audits completed on-time,%,,1,0,,,,
S.RC,operational,S.RC.O3,Boolean,Is baseline access certification conducted?,,,1,0,,,,
S.RC,operational,S.RC.O8,Boolean,Conformance with ISO27001,"ISO270001: Information security standard created by the International Organization for Standardization (ISO), which provides a framework and guidelines for establishing, implementing and managing an information security management system (ISMS).",ISO270001,1,0,,,,
S.RC,operational,S.RC.O9,Boolean,Conformance with ISO24760 ,"ISO24760: IT Security and Privacy, A framework for identity management",ISO24760,1,0,,,,
S.RC,operational,S.RC.O10,Boolean,Conformance with ISO29115 ,ISO29115: a framework for managing entity authentication assurance in a given context.,ISO29115,1,0,,,,
S.RC,operational,S.RC.O11,Boolean,Conformance with ISO29146 ,"ISO29146: a framework for access management (AM) and the secure management of the process to access information and Information and Communications Technologies (ICT) resources, associated with the accountability of a subject within some context.",ISO29146,1,0,,,,
S.RC,operational,S.RC.O12,Boolean,Conformance with GDPR ,GDPR: The General Data Protection Regulation is a Regulation in EU law on data protection and privacy in the EU and the European Economic Area.,GDPR,1,0,,,,
S.RC,operational,S.RC.O13,Boolean,Conformance with ETSI EN 319411 ,ETSI EN 319411: Requirements for trust service providers issuing EU qualified certificates,ETSI EN 319411,1,0,,,,
S.RC,operational,S.RC.O14,Boolean,Conformance with ETSI EN 319521 ,ETSI EN 319521: Electronic Signatures and Infrastructures (ESI); Policy and security requirements for Registered Electronic Mail Service Providers,ETSI EN 319521,1,0,,,,
S.CP,design,S.CP.D1,Boolean,Provision for an encryption and key (E&K) management policy programme ,Cryptographic methods are properly regulated via policies.,,1,0,100,,,
S.CP,design,S.CP.D2,Boolean,"Provision to record and communicate cryptographic, encryption and key management technology changes ",Every change in encryption and key management should be recorded and comunicated accordingly.,,1,0,100,,,
S.CP,design,S.CP.D3,Boolean,NIST approved cryptographic libraries used ,"Standard cryptographic methods are always preferable above propretary solutions, that may hide vulnerabilities.",NIST 800-57,1,0,0,,,
S.CP,design,S.CP.D4,Boolean,Provision for cryptographic protection to data at-rest and in-transit ,Cryptographic methods are used in both data storage and communication.,,1,0,0,,,
S.CP,operational,S.CP.O1,Boolean,Review and update the E&K management policies annually ,Cryptographic methods are properly regulated via policies.,,1,0,100,100,,
S.CP,operational,S.CP.O4,Boolean,Accept users data encryption keys ,,,1,0,100,100,,
S.CP,operational,S.CP.O5,Percentage,% of audit findings remediated before the next audit,,,1,0,0,0,,
S.CP,operational,S.CP.O6,Percentage,"% of security-critical systems or system elements (e.g., cryptographic components) for which integrity / behavior can be validated ",,,1,0,25,75,,
S.CP,operational,S.CP.O7,Percentage,% of external communications which are encrypted ,,,1,0,25,75,,
S.CP,operational,S.CP.O8,Percentage,% of internal communications which are encrypted,,,1,0,25,75,,
S.CP,operational,S.CP.O9,Percentage,% of transactions in the IDMS are digitally signed ,,,1,0,0,0,,
S.MLP,design,S.MLP.D1,Boolean,Provision for ARA ,Analytic risk assessment (ARA) is a formal and comprehensive record of the significant findings of the risk assessment which are maintained to tackle with  complex security scenarios.,,1,0,0,0,,
S.MLP,design,S.MLP.D2,Boolean,Provision for a policy optimiser ,"The Policy Optimizer module for Security Manager offers automated workflow management for reviewing and recertifying or decertifying existing firewall rules based on compliance, business, or security policies.",,1,0,0,0,,
S.MLP,design,S.MLP.D3,Boolean,Provision for an ISMS ,"An information security management system (ISMS) is the compilation of all interrelated/interacting information security elements of an organisation in order to ensure that policies, procedures, and objectives can be developed, implemented, communicated, ",,1,0,100,100,,
S.MLP,design,S.MLP.D4,Boolean,Provision for IDMS mission ,Clearly stating IDMS mission.,,1,0,100,100,,
S.MLP,design,S.MLP.D5,Boolean,Provision for critical services plan ,Critical services or products are those that must be delivered to meet legal or other obligations of an organization.,,1,0,0,0,,
S.MLP,design,S.MLP.D6,Boolean,Provision for Risk management strategy ,IT and InfoSec communities employ Risk Control Strategies to limit vulnerabilities and manage risks to an acceptable level.,,1,0,0,0,,
S.MLP,design,S.MLP.D7,Boolean,Information system inventory ,A descriptive record of components within an information system.,NIST 800-128,1,0,0,0,,
S.MLP,design,S.MLP.D8,Boolean,Provision for testing training & monitoring ,"This control ensures that organisations provide oversight for the organization-wide security testing, training, and monitoring activities and coordinate these activities.",,1,0,0,0,,
S.MLP,design,S.MLP.D9,Boolean,Asset registration programme in place ,"Assets registration programme aims to support the development of an automated, secure data exchange process for registering assets and collecting and gaining access to data on such assets.",,1,0,100,100,,
S.MLP,design,S.MLP.D10,Boolean,Provision for maturity assessment in software design engineering ,A Process Maturity Assessment evaluates the characteristics of a company's engineering processes to determine their ability to consistently and continuously contribute to the achievement of organisational objectives. ,,1,0,0,100,,
S.MLP,design,S.MLP.D11,Boolean,Provision for a controls’ gap analysis in alignment with the risk assessment  & IR strategy ,"A control gap analysis verifies if there exist issues in controls, i.e. they do not mitigate a risk effectively, or they do not operate efficiently.",,1,0,0,100,,
S.MLP,operational,S.MLP.O1,Boolean,Periodic ARA conducted ,Analytic risk assessment (ARA) is a formal and comprehensive record of the significant findings of the risk assessment which are maintained to tackle with  complex security scenarios.,,1,0,0,0,0,0
S.MLP,operational,S.MLP.O2,Boolean,ISMS deployed ,"An information security management system (ISMS) is the compilation of all interrelated/interacting information security elements of an organisation in order to ensure that policies, procedures, and objectives can be developed, implemented, communicated, ",,1,0,0,0,0,0
S.MLP,operational,S.MLP.O3,Boolean,Information system monitoring ,,,1,0,0,0,0,100
S.MLP,operational,S.MLP.O4,Boolean,Security function verification ,A Process Maturity Assessment evaluates the characteristics of a company's engineering processes to determine their ability to consistently and continuously contribute to the achievement of organisational objectives. ,,1,0,100,100,100,100
S.MLP,operational,S.MLP.O5,Boolean,Software & firmware integrity ,A Process Maturity Assessment evaluates the characteristics of a company's engineering processes to determine their ability to consistently and continuously contribute to the achievement of organisational objectives. ,,1,0,0,100,100,100
S.MLP,operational,S.MLP.O6,Boolean,Information input validation ,A Process Maturity Assessment evaluates the characteristics of a company's engineering processes to determine their ability to consistently and continuously contribute to the achievement of organisational objectives. ,,1,0,0,0,100,100
S.MLP,operational,S.MLP.O7,Boolean,Identify over-provisioned application-based rules ,A Process Maturity Assessment evaluates the characteristics of a company's engineering processes to determine their ability to consistently and continuously contribute to the achievement of organisational objectives. ,,1,0,0,0,0,100
S.MLP,operational,S.MLP.O8,Boolean,Security controls’ Gap analysis conducted  ,"A control gap analysis verifies if there exist issues in controls, i.e. they do not mitigate a risk effectively, or they do not operate efficiently.",,1,0,0,0,0,100
S.FAM,design,S.FAM.D1,Boolean,System capable of specifying Static SoD rules ,"The fundamental idea behind the concept of Segregation of Tasks (SoD) is that no individual or group of employees should be able to create fraudulent or erroneous transactions as part of their routine duties. In the context of user access, a SoD ""ruleset"" is a thorough collection of access combinations that would pose a risk to an organisation if performed by a single user. Each unique access combination is referred to as a ""rule"" of SoD. Separation of duties can be enforced either statically (by defining conflicting roles, i.e., roles which cannot be executed by the same user) or dynamically (by enforcing the control at access time).",,1,0,100,100,,
S.FAM,design,S.FAM.D2,Boolean,System capable of specifying Dynamic SoD rules ,"The fundamental idea behind the concept of Segregation of Tasks (SoD) is that no individual or group of employees should be able to create fraudulent or erroneous transactions as part of their routine duties. In the context of user access, a SoD ""ruleset"" is a thorough collection of access combinations that would pose a risk to an organisation if performed by a single user. Each unique access combination is referred to as a ""rule"" of SoD. Separation of duties can be enforced either statically (by defining conflicting roles, i.e., roles which cannot be executed by the same user) or dynamically (by enforcing the control at access time).",,1,0,0,100,,
S.FAM,design,S.FAM.D3,Boolean,Provision for an entitlement catalogue ,"The entitlement catalogue facilitate the management that grants, resolves, enforces, revokes and administers fine-grained access entitlements (also referred to as “authorizations,” “privileges,” “access rights,” “permissions” and/or “rules”).",,1,0,0,100,,
S.FAM,design,S.FAM.D4,Boolean,Provision to trace each business rule to all its related information ,,,1,0,0,0,,
S.FAM,operational,S.FAM.O1,Boolean,Support for the rule-related requirements of all business and IT stakeholders,,,1,,,,,
S.FAM,operational,S.FAM.O2,Boolean,Asset monitoring and tracking ,,,1,,,,,
S.FAM,operational,S.FAM.O3,Boolean,Information Leakage protection ,,,1,,,,,
S.FAM,operational,S.FAM.O4,Boolean,Safety check(s) to prevent leaking of permissions ,,,1,,,,,
S.VM,design,S.VM.D1,Percentage,Vulnerability potential,The target distribution (TD) metric measures the proportion of vulnerable systems in the environment. ,,1,0,0,0,,
S.VM,design,S.VM.D2,Boolean,Provision for vulnerability scoring system(s),,,1,0,100,100,,
S.VM,design,S.VM.D3,Boolean,Provision for patch management ,Patch management is the process of distributing and applying updates to software.,,1,0,100,100,,
S.VM,design,S.VM.D4,Boolean,Provision for checklists and testing procedures in place ,,,1,0,0,100,,
S.VM,operational,S.VM.O1,Percentage,Residual vulnerability,The target distribution (TD) metric measures the proportion of vulnerable systems in the environment. ,,1,0,0,0,,
S.VM,operational,S.VM.O2,Boolean,Patching management in place ,Patch management is the process of distributing and applying updates to software.,,1,0,100,100,,
S.VM,operational,S.VM.O3,Percentage,Efficacy of controls deployed,%,,1,0,0,100,,
S.VM,operational,S.VM.O4,Percentage,Mean-time-to-detect,"1-3 hours (100%), goes to 0%...10% for each hour above 5",,1,0,0,0,,
S.VM,operational,S.VM.O5,Percentage,Mean-time-to-resolve,"under 5 hours (100%), goes to 0%...10% for each hour above 5",,1,0,0,0,,
S.VM,operational,S.VM.O7,Percentage,% of systems without open high critical vulnerabilities,%,,1,0,50,100,,
S.VM,operational,S.VM.O8,Boolean,CVSS Base Score ,,,1,0,0,0,,
S.RR,design,S.RR.D1,Boolean,Asset registration in place ,"Assets registration programme aims to support the development of an automated, secure data exchange process for registering assets and collecting and gaining access to data on such assets.",MAGERIT methodology,1,0,100,100,,
S.RR,design,S.RR.D2,Percentage,Potential likelihood,Residual impact means an impact that is not eliminated by mitigation.,,1,0,0,0,,
S.RR,design,S.RR.D3,Boolean,Provision for the dependencies between IDMS assets / services ,,,1,0,0,100,,
S.RR,design,S.RR.D4,Boolean,Potential risk identified ,,"ISO27005 InfoSec Risk Management, SP800 37R2 ",1,0,0,100,,
S.RR,design,S.RR.D5,Boolean,Accreditation / certification planned ,Possibility of using system policies to facilitate accreditation/certification,,1,0,0,0,,
S.RR,design,S.RR.D6,Boolean,Provision for Business Impact Assessment (BIA) ,"A business impact analysis (BIA) forecasts the repercussions of a disruption to a business function or process and collects the data necessary to develop recovery strategies. During a risk assessment, potential loss scenarios must be identified.",,1,0,0,0,,
S.RR,design,S.RR.D7,Boolean,Provision for target protection levels ,"Objectives for security, privacy and target protection.",,1,0,0,0,,
S.RR,design,S.RR.D8,Boolean,Establish security objectives ,"Objectives for security, privacy and target protection.",,1,0,0,0,,
S.RR,design,S.RR.D9,Boolean,Establish privacy objectives ,"Objectives for security, privacy and target protection.",,1,0,0,0,,
S.RR,design,S.RR.D10,Boolean,Provision for treatment controls ,,,1,0,0,0,,
S.RR,operational,S.RR.O1,Boolean,Asset Valorisation ,"Assets registration programme aims to support the development of an automated, secure data exchange process for registering assets and collecting and gaining access to data on such assets.",MAGERIT methodology,1,0,100,100,,
S.RR,operational,S.RR.O2,Percentage,Residual degradation,Residual impact means an impact that is not eliminated by mitigation.,,1,0,0,0,,
S.RR,operational,S.RR.O3,Percentage,Residual impact,Residual impact means an impact that is not eliminated by mitigation.,,1,0,0,0,,
S.RR,operational,S.RR.O5,Boolean,Established set of security impact levels ,,"ISO27005 InfoSec Risk Management, SP800 37R2 ",1,0,0,100,,
S.RR,operational,S.RR.O6,Boolean,Accreditation / certification achieved ,Possibility of using system policies to facilitate accreditation/certification,,1,0,0,100,,
S.RR,operational,S.RR.O7,Boolean,Business Impact Assessment (BIA) conducted ,"A business impact analysis (BIA) forecasts the repercussions of a disruption to a business function or process and collects the data necessary to develop recovery strategies. During a risk assessment, potential loss scenarios must be identified.",,1,0,0,0,,
S.RR,operational,S.RR.O8,Boolean,Conformity checks in the absence of treatment controls ,Employment of controls to conduct security risk treatment,,1,0,0,0,,
S.RR,operational,S.RR.O9,Boolean,Asset susceptibility analysis ,,,1,0,0,0,,
S.RR,operational,S.RR.O10,Percentage,Efficacy of controls deployed,"The testing and/or assessment of the management, operational, and technical security controls in an information system to establish the extent to which the measures are correctly installed, performing as intended, and meeting the system's security needs. 
Effectiveness is defined as the extent to which the controls are implemented correctly, operating as intended, and producing the desired outcome with respect to meeting the security requirements for the system.",,1,0,0,0,,
S.RR,operational,S.RR.O11,Boolean,Conformance with ISO/IEC 15408:2009,Conformance/Compliance to security standards,,1,0,0,0,,
S.RR,operational,S.RR.O12,Boolean,Conformance with ISO 27001:2013,Conformance/Compliance to security standards,,1,0,0,0,,
S.RR,operational,S.RR.O13,Boolean,Conformance with ISO/IEC 15408:2009,Conformance/Compliance to security standards,,1,0,0,0,,
S.RR,operational,S.RR.O14,Boolean,Conformance with ISO/IEC 17030:2003,Conformance/Compliance to security standards,,1,0,0,0,,
S.RR,operational,S.RR.O15,Boolean,Conformance with ITU-T X1208 (01/2014),Conformance/Compliance to security standards,,1,0,0,0,,
S.SC,design,S.SC.D1,Boolean,Provision for communication and protection policies ,"The systems and communications protection policy establishes the rules required to properly establish network segmentation and boundary protection throughout the organisation, as well as the rules required to implement cryptography.  In addition, this policy establishes rules regarding acceptable communication channels and mechanisms to ensure that their authenticity is maintained.",,1,0,100,100,,
S.SC,design,S.SC.D2,Boolean,Directives for boundary protection ,"The systems and communications protection policy establishes the rules required to properly establish network segmentation and boundary protection throughout the organisation, as well as the rules required to implement cryptography.  In addition, this policy establishes rules regarding acceptable communication channels and mechanisms to ensure that their authenticity is maintained.",,1,0,0,100,,
S.SC,design,S.SC.D3,Boolean,Provision for control guidelines in conformance with NIST SP800-53 ,,NIST SP800-53(r4),1,0,0,0,,
S.SC,design,S.SC.D4,Boolean,Provision for Guidelines NIST SP 800-41  ,,"SP 800-41 Rev. 1, Guidelines on Firewalls and Firewall Policy",1,0,0,0,,
S.SC,design,S.SC.D5,Boolean,Provision for Guidelines NIST 800-189                  ,,"NIST Publishes SP 800-189, Resilient Interdomain Traffic Exchange: BGP Security and DDoS Mitigation",1,0,0,0,,
S.SC,design,S.SC.D6,Boolean,Provision for Guidelines NIST 800-77                   ,,Guide to IPsec VPNs,1,0,0,0,,
S.SC,design,S.SC.D7,Boolean,Provision for Guidelines NIST 800-94                      ,,Guide to Intrusion Detection and Prevention Systems (IDPS),1,0,0,0,,
S.SC,design,S.SC.D8,Boolean,Provision for Network control implementation guidelines ISO 27001:2013 ,,,1,0,0,0,,
S.SC,operational,S.SC.O1,Boolean,Application of communication and protection policies ,"The systems and communications protection policy establishes the rules required to properly establish network segmentation and boundary protection throughout the organisation, as well as the rules required to implement cryptography.  In addition, this policy establishes rules regarding acceptable communication channels and mechanisms to ensure that their authenticity is maintained.",,1,0,100,100,,
S.SC,operational,S.SC.O2,Boolean,Network Segmentation established ,"Network segmentation is an architectural approach that divides a network into multiple segments or subnets, each acting as its own small network.",,1,0,0,100,,
S.SC,operational,S.SC.O3,Boolean,Separation of system and user functionality ,Separation of system and user functionality involve isolating administrative interfaces on distinct domains and implementing additional access controls.,,1,0,100,100,,
S.SC,operational,S.SC.O4,Boolean,Segregation of IDMS internal network zones ,,,1,0,0,100,,
S.SC,operational,S.SC.O5,Boolean,DoS Protection  ,,NIST SP 800-61,1,0,0,0,,
S.SC,operational,S.SC.O6,Boolean,Monitor and control communications at the external managed interfaces ,,,1,0,0,0,,
S.SC,operational,S.SC.O7,Boolean,Subnetworks for publicly accessible IDMS components ,,,1,0,0,0,,
S.SC,operational,S.SC.O8,Boolean,Restricted ports policy in Web applications ,,,1,0,0,0,,
S.SC,operational,S.SC.O9,Boolean,Encrypted firewall(s) password ,,,1,0,0,0,,
S.SC,operational,S.SC.O10,Boolean,Application partitioning ,,NIST SP800-53(r4),1,0,0,0,,
S.SC,operational,S.SC.O11,Boolean,Session authenticity ,,NIST SP800-53(r4),1,0,0,0,,
S.SC,operational,S.SC.O12,Boolean,Covert channel analysis ,,NIST SP800-53(r4),1,0,0,0,,
S.SC,operational,S.SC.O13,Boolean,Process isolation ,,NIST SP800-53(r4),1,0,0,0,,
S.SC,operational,S.SC.O14,Boolean,Usage restriction  ,,NIST SP800-53(r4),1,0,0,0,,
P.CDM,design,P.CDM.D1,Boolean,Data is adequate and relevant (the purpose and rational are clear),Data relevance indicates the level of consistency between the content of data and the purpose of the EIDS. ,,1,0,100,100,,
P.CDM,design,P.CDM.D2,Boolean,Data is minimised (boundaries are clearly stated)  ,"According to the ""data minimization"" principle, a data controller should only gather personal data that is directly relevant to and required for the accomplishment of a given goal. Additionally, they should only keep the data for as long as is required to accomplish that goal.",,1,0,0,100,,
P.CDM,operational,P.CDM.O1,Boolean,Pseudo-anonymisation of personal data ,"Pseudonymization is a data management and de-identification process that substitutes one or more synthetic identifiers, or pseudonyms, for personally identifiable information fields inside a data record.",,1,0,0,0,,
P.CDM,operational,P.CDM.O2,Boolean,Deployment of recommendation algorithms  ,"Data quality is a set of abilities to fulfil EIDS goals. Traits include correctness, completeness, consistency, validity, uniqueness, and timeliness.",,1,0,100,100,,
P.CDM,operational,P.CDM.O3,Percentage,% of data assets for which data quality can be validated    ,"Data quality is a set of abilities to fulfil EIDS goals. Traits include correctness, completeness, consistency, validity, uniqueness, and timeliness.",,1,0,50,100,,
P.CDM,operational,P.CDM.O4,Boolean,Timely validation of the provenance of critical and system control data,"The data lineage or provenance includes the data origin, what happens to it, and where it goes over time.",,1,0,100,100,,
P.CDM,operational,P.CDM.O5,Percentage,% of critical and system control data for which provenance can be validated,"The data lineage or provenance includes the data origin, what happens to it, and where it goes over time.",,1,0,0,0,,
P.UC,design,P.UC.D1,Boolean,User consent has been obtained ,User consent is the permission granted by users to a website or organization to proceed with their data collection. ,,1,0,100,100,,
P.UC,design,P.UC.D2,Boolean,Data processing has been declared ,"Data processing is the process of gathering and modifying digital data to create useful information, part of the more generic information processing.",,1,0,0,100,,
P.UC,design,P.UC.D3,Boolean,Provision for the types of processing that require a DPIA ,A procedure to help identify and reduce the risks to data protection is called a data protection impact assessment (DPIA). It is required for processing that poses a significant risk to individuals.,Data Retention and Investigatory Powers Act 2014 ,1,0,0,100,,
P.UC,design,P.UC.D4,Boolean,Provision for Dispute resolution ,"A written agreement that outlines the appropriate course of action in the event of a disclosure is the normal form of dispute settlement. If a dispute arises, the clause can specify the steps that must be taken, including litigation, arbitration, or mediation.",,1,0,0,0,,
P.UC,design,P.UC.D5,Boolean,Training provision for manual verification ,Training provision for manual verification service of documents and the identity of the bearer.,,1,0,0,0,,
P.UC,design,P.UC.D6,Boolean,Criteria for issuing data retention notice ,Factors involved in the criteria considered when releasing data retention notices.,,1,0,0,0,,
P.UC,design,P.UC.D7,Boolean,Requirements for secure data disposal ,"Provision for techniques of data destruction and disposal which are in line with data destruction policies, avoiding to be exposed to cyberattacks. ",,1,0,0,0,,
P.UC,design,P.UC.D8,Boolean,Provision for DRR procedures ,"The frameworks that coordinate risk identification, mitigation, preparedness, and reaction are known as DRR strategies. They frequently have disaster risk assessments as a foundation. ",Data Retention Regulations 2014 – DRR 2014,1,0,0,0,,
P.UC,operational,P.UC.O1,Boolean,Periodic assessment for regulatory conformance of consent policies ,User consent is the permission granted by users to a website or organization to proceed with their data collection. ,,1,0,100,100,,
P.UC,operational,P.UC.O2,Boolean,Consent as a precondition of a service  ,User consent is the permission granted by users to a website or organization to proceed with their data collection. ,,1,0,100,100,,
P.UC,operational,P.UC.O3,Boolean,Compliance with Regulation of Investigatory Powers Act 2000 (RIPA) or Data Retention and Investigatory Powers Act 2014 (DRIPA)  ,A procedure to help identify and reduce the risks to data protection is called a data protection impact assessment (DPIA). It is required for processing that poses a significant risk to individuals.,Data Retention and Investigatory Powers Act 2014 ,1,0,0,100,,
P.UC,operational,P.UC.O4,Boolean,Dispute management system deployed & operationalised,"A written agreement that outlines the appropriate course of action in the event of a disclosure is the normal form of dispute settlement. If a dispute arises, the clause can specify the steps that must be taken, including litigation, arbitration, or mediation.",,1,0,0,0,,
P.UC,operational,P.UC.O5,Boolean,Automated validation and verification of documentation ,Automated validation and verification of documentation ,,1,0,0,0,,
P.UC,operational,P.UC.O7,Boolean,Right to be informed has been enforced ,"When information is acquired directly, the individual must be told as soon as possible, or at the time the information is acquired. Content-wise, the controller must disclose his identity, the contact information of the data protection officer (if one is available), the processing's goals and legal justification, any pursued legitimate interests, the recipients of personal data when it is transmitted, and any plans to transfer personal data to third countries. ",https://ico.org.uk/for-organisations/guide-to-data-protection/guide-to-le-processing/individual-rights/the-right-to-be-informed/,1,0,0,0,,
P.LAR,design,P.LAR.D1,Boolean,Established protocols for data archiving ,Data archiving is the process of moving data that is no longer actively used to a separate storage device for long-term retention.,,1,0,100,,,
P.LAR,design,P.LAR.D2,Boolean,Provision for compliance with data retention directive(s) ,Data retention defines the policies of persistent data and records management for meeting legal and business data archival requirements.,,1,0,100,,,
P.LAR,operational,P.LAR.O1,Percentage,User retention rate,The percentage of existing users who remain as users after a given period,,1,0,0,,,
P.LAR,operational,P.LAR.O2,Percentage,User churn rate,The percentage of users one acquires and loses soon thereafter,,1,0,0,,,
P.LAR,operational,P.LAR.O3,Percentage,User lifetime value,The total worth to a system of a user over the whole period of their relationship,,1,0,0,,,
P.LAR,operational,P.LAR.O4,Percentage,Repeat user rate,The percentage of users who have made at least two transactions during a certain time period,,1,0,0,,,
P.LAR,operational,P.LAR.O5,Percentage,User participation rate,The percentage of total number of users who are enrolled in a particular EIDMS program,,1,0,0,,,
P.LAR,operational,P.LAR.O6,Percentage,User redemption rate,The percentage of users in a particular EIDMS program actually using the perks that are offered through the program,,1,0,0,,,
P.LAR,operational,P.LAR.O7,Boolean,Compliance with European Data Protection Directive 95/46/EC ,Compliance with European Data Protection Directive 95/46/EC ,https://en.wikipedia.org/wiki/Data_Protection_Directive,1,0,100,,,
P.RIP,design,P.RIP.D1,Boolean,Provision for Combined Remote identity proofing methods ,,,1,0,100,,,
P.RIP,design,P.RIP.D2,Boolean,Provision for non-predictable registration officers’ pool  ,,,1,0,100,,,
P.RIP,design,P.RIP.D3,Boolean,Confirmation that the presented identity information is valid ,,,1,0,0,,,
P.RIP,design,P.RIP.D4,Boolean,Confirmation that a valid identity is associated with the correct individual ,,,1,0,100,,,
P.RIP,design,P.RIP.D5,Boolean,provision for baseline attributes required to obtain the highest possible percentage of coverage,,,1,0,100,,,
P.RIP,design,P.RIP.D6,Boolean,Obligations and rights of participants documented ,,,1,0,100,,,
P.RIP,operational,P.RIP.O1,Boolean,ZKP deployed ,"A zero-knowledge proof (ZKP), also known as a zero-knowledge protocol, is a way for one party—the prover—to convince another—the verifier—that a particular statement is true while withholding all information other than the fact that the statement is true.",,1,0,0,,,
P.RIP,operational,P.RIP.O2,Boolean,Evidence of continuous monitoring ,,,1,0,0,,,
P.RIP,operational,P.RIP.O3,Boolean,Evidence of periodic vetting of operators ,,,1,0,0,,,
P.RIP,operational,P.RIP.O4,Boolean,Baseline assessment for the validity of identity proofs ,,,1,0,100,,,
P.RIP,operational,P.RIP.O5,Boolean,Validation of the existence of claimed identity overall period of time ,,,1,0,100,,,
P.RIP,operational,P.RIP.O6,Boolean,Introduction of “randomness” in identity proofing processes  ,,,1,0,100,,,
P.UL,design,P.UL.D1,Boolean,DUL statements per consent group defined,,,1,0,100,100,,
P.UL,design,P.UL.D2,Boolean,Purpose(s) for processing defined in privacy information,,,1,0,0,100,,
P.UL,operational,P.UL.O1,Boolean,User data collection procedure compliant with documentation obligations to specify EIDMS’s purpose(s),,,1,0,0,0,,
P.UL,operational,P.UL.O2,Boolean,Monitoring of changes in data collection purpose(s),,,1,0,0,100,,
P.UL,operational,P.UL.O3,Boolean,Change of purpose compatible with initial purpose ,,,1,0,100,100,,
P.UL,operational,P.UL.O4,Boolean,Consent for new purpose has been obtained,,,1,0,0,100,,
P.IDA,design,P.IDA.D1,Boolean,Provision for removing duplicate and false ID records / attributes,Valid ID data in the database.,,1,0,100,100,,
P.IDA,design,P.IDA.D2,Boolean,Provision for ID revocation,,,1,0,100,100,,
P.IDA,design,P.IDA.D3,Boolean,Provision for updating and re-proofing identity attributes that change over time,,,1,0,0,100,,
P.IDA,design,P.IDA.D4,Boolean,Provision for detecting insufficient distribution of revocation lists to distributed services  ,,,1,0,100,100,,
P.IDA,design,P.IDA.D5,Boolean,Controlled and consistent ID attribute data ingest processes defined,,,1,0,0,0,,
P.IDA,operational,P.IDA.O1,Percentage,Ratio of true data to erroneous data in the database,%,,1,0,0,0,,
P.IDA,operational,P.IDA.O2,Boolean,Attribute-based encryption applied,"A form of public-key encryption called attribute-based encryption depends on attributes to determine both the ciphertext and the user's secret key (e.g. the country in which they live, or the kind of subscription they have). In such a system, a ciphertext can only be decrypted if the user key's set of attributes coincides with those of the ciphertext.",,1,0,100,100,,
P.IDA,operational,P.IDA.O3,Boolean,Privileged Identity Management (PIM) services deployed,"Privileged Identity Management (PIM) is a service that enables the management, the control, and monitoring of the access to important resources in the organization.",,1,0,100,100,,
P.IDA,operational,P.IDA.O4,Boolean,Inter-directory provisioning,"Inter-directory provisioning is provisioning an identity between two different directory services systems, that is a shared information infrastructure, that is used for locating, managing, administering, and organizing items and network resources.",,1,0,0,0,,
P.IDA,operational,P.IDA.O5,Boolean,All data mapped to corresponding metadata,,,1,0,0,100,,
P.IDA,operational,P.IDA.O6,Boolean,Conformance with GDPR,,,1,0,0,100,,
P.TIP,design,P.TIP.D2,Boolean,Provision for user profile sanitisation processes,,,1,0,100,,,
P.TIP,design,P.TIP.D3,Boolean,Provision for referential identity graphs ,"An identity graph provides a single unified view of users based on their interactions with the systems, via a set of devices and identifiers.",,1,0,100,,,
P.TIP,design,P.TIP.D4,Boolean,Provision for an in-build record management system,Records management systems keep an accurate archive of the various happenings and transactions within EIDS and is able to provide evidence of policies and procedures in place.,,1,0,100,,,
P.TIP,operational,P.TIP.O2,Boolean,Log data correlation,"Log correlation scans incoming logs for logical patterns, and values to spot occurrences that individual systems are unable to see. They are able to carry out analysis that would otherwise be done repeatedly by humans. ",,1,0,100,,,
P.PIA,design,P.PIA.D1,Boolean,Provision for a DPIA policy and review processes,"You can identify and reduce a project's data protection risks by doing a data protection impact assessment (DPIA). For processing that poses a significant risk to people, a DPIA is required. This contains a few particular categories of processing.",https://ico.org.uk/for-organisations/guide-to-data-protection/guide-to-the-general-data-protection-regulation-gdpr/accountability-and-governance/data-protection-impact-assessments/,1,0,100,100,100,
P.PIA,design,P.PIA.D2,Boolean,Identification of all stakeholder categories,,,1,0,0,100,100,
P.PIA,design,P.PIA.D3,Boolean,Provision for relevant privacy risk scoring techniques,,,1,0,0,0,100,
P.PIA,design,P.PIA.D4,Boolean,Privacy risk register present,"A privacy risk register is a solution that allows you to compile, record, monitor, and manage all of your data protection, information security, and privacy concerns in one location.",,1,0,0,0,100,
P.PIA,design,P.PIA.D5,Boolean,Applicability of the guidance document,,,1,0,0,0,100,
P.PIA,design,P.PIA.D6,Boolean,Commencement of PIA at the design stage ,,,1,0,100,100,100,
P.PIA,operational,P.PIA.O2,Boolean,Privacy risk register periodically updated,,,1,0,100,,,
P.PIA,operational,P.PIA.O1,Boolean,Communication to participants of the outcomes of the consultations,,,1,0,100,,,
P.PIA,operational,P.PIA.O3,Boolean,Evidence of progress in the implementation / deployment of privacy controls,,,1,0,0,,,
P.PIA,operational,P.PIA.O4,Boolean,Track progress when reducing privacy risks with flexible in-depth reporting,,,1,0,0,,,
P.PIA,operational,P.PIA.O5,Boolean,Privacy risk mitigation accountability established,,,1,0,0,,,
P.PIA,operational,P.PIA.O6,Boolean,Use of an automation engine to kick off additional assessments when triggered,,,1,0,0,,,
P.PRMP,design,P.PRMP.D1,Boolean,Provision for accountability measures,,,1,0,100,100,,
P.PRMP,design,P.PRMP.D2,Boolean,Register of intended processing activities,,,1,0,0,0,,
P.PRMP,design,P.PRMP.D3,Boolean,Provision for technical & operational privacy controls,,,1,0,100,100,,
P.PRMP,design,P.PRMP.D4,Boolean,Privacy risk evaluation criteria established,,,1,0,0,100,,
P.PRMP,design,P.PRMP.D5,Boolean,Privacy risk Impact criteria established,,,1,0,0,100,,
P.PRMP,design,P.PRMP.D6,Boolean,Privacy Risk acceptance criteria established,,,1,0,0,100,,
P.PRMP,operational,P.PRMP.O1,Boolean,Privacy risk mitigation accountability established,,,1,0,100,100,,
P.PRMP,operational,P.PRMP.O2,Boolean,DPIA Template present,,https://ico.org.uk/for-organisations/guide-to-data-protection/guide-to-the-general-data-protection-regulation-gdpr/accountability-and-governance/data-protection-impact-assessments/,1,0,0,0,,
P.PRMP,operational,P.PRMP.O3,Boolean,ICO consulting procedures for residual high risk(s),,https://ico.org.uk/for-organisations/guide-to-data-protection/guide-to-the-general-data-protection-regulation-gdpr/accountability-and-governance/data-protection-impact-assessments/,1,0,0,100,,
P.PRMP,operational,P.PRMP.O5,Boolean,Vendor 3rd party privacy risk assessment conducted,,,1,0,0,100,,
P.WDPP,design,P.WDPP.D1,Boolean,Provision for a Privacy Risk Management Framework (PRF),,,1,0,100,100,,
P.WDPP,design,P.WDPP.D2,Boolean,Privacy vision and mission statement,,,1,0,100,100,,
P.WDPP,design,P.WDPP.D3,Boolean,Alignment of the PRF with ISO27001,,,1,0,0,100,,
P.WDPP,design,P.WDPP.D4,Boolean,Alignment of the PRF with NIST,,,1,0,0,100,,
P.WDPP,operational,P.WDPP.O1,Boolean,Legitimate interest assessment,,,1,0,100,100,100,100
P.WDPP,operational,P.WDPP.O2,Boolean,Data breach readiness assessment,,,1,0,0,100,100,100
P.WDPP,operational,P.WDPP.O3,Boolean,International data transfer assessment,,,1,0,0,0,100,100
P.WDPP,operational,P.WDPP.O4,Boolean,Privacy threshold assessment,,,1,0,0,0,0,100
P.SU,design,P.SU.D1,Boolean,Provision for secondary use service (SUS),SUS is a secure data warehouse that maintains identity data according to (inter)national standards and uses complicated derivations to assist policy and secondary analysis.,,1,0,100,100,,
P.SU,design,P.SU.D2,Boolean,Information control policies established,,,1,0,0,100,,
P.SU,design,P.SU.D3,Boolean,Agreement(s) on how cross-organisation information flow is enforced,,,1,0,0,100,,
P.SU,design,P.SU.D4,Boolean,Provision for a record management system ,Records management systems keep an accurate archive of the various happenings and transactions within EIDS and is able to provide evidence of policies and procedures in place.,,1,0,0,0,,
P.SU,operational,P.SU.O1,Boolean,SUS deployed,SUS is a secure data warehouse that maintains identity data according to (inter)national standards and uses complicated derivations to assist policy and secondary analysis.,,1,0,0,,,
P.SU,operational,P.SU.O2,Boolean,Flow control restrictions for internal and external traffic to the The Distributed Incident Management System (DIMS) ,,,1,0,100,,,
P.SU,operational,P.SU.O3,Boolean,Designated policy enforcement Point(s),,,1,0,100,,,
P.SU,operational,P.SU.O4,Boolean,Automatic verification of write permissions for information between different domains,,,1,0,100,,,
P.PS,design,P.PS.D1,Boolean,Provision for a PIM  as part of the DID System,,,1,0,100,,,
P.PS,operational,P.PS.O1,Boolean,Conformance with ISO 27701,,https://www.iso.org/standard/71670.html,1,0,100,0,,
P.PS,operational,P.PS.O2,Boolean,Conformance with ISO GDPR,,https://gdpr-info.eu,1,0,0,100,,
P.PS,operational,P.PS.O3,Boolean,Conformance with ISO PEC Cybersecurity Act,,https://digital-strategy.ec.europa.eu/en/policies/cybersecurity-act,1,0,0,0,,
P.PS,operational,P.PS.O4,Boolean,Conformance with ISO/IEC 27550,,https://www.iso.org/standard/72024.html,1,0,0,0,,
P.PS,operational,P.PS.O5,Boolean,Conformance with ISO 29101:2013,,https://www.iso.org/standard/45124.html,1,0,0,0,,
RO.EO,design,RO.EO.D1,Boolean,Provision for managing improper input validation ,"Input validation is performed to ensure that only properly formed data enters the workflow of an information system, preventing improperly formatted data from persisting in the database and causing various downstream components to malfunction.",,1,0,100,,,
RO.EO,operational,RO.EO.O1,Boolean,Improper neutralisation,"Input validation is performed to ensure that only properly formed data enters the workflow of an information system, preventing improperly formatted data from persisting in the database and causing various downstream components to malfunction.",,1,0,100,,,
RO.EO,operational,RO.EO.O2,Boolean,Operationalisation of an input validation framework,"Input validation is performed to ensure that only properly formed data enters the workflow of an information system, preventing improperly formatted data from persisting in the database and causing various downstream components to malfunction.",,1,0,100,,,
RO.PD,design,RO.PD.D1,Boolean,Plan(s) for an enterprise-class provisioning engine ,,,1,0,100,100,,
RO.PD,design,RO.PD.D2,Boolean,Provision for data access request services (DARS) ,,,1,0,0,100,,
RO.PD,design,RO.PD.D3,Boolean,Provision for correlation of services / data ,,,1,0,0,100,,
RO.PD,design,RO.PD.D4,Boolean,Provision for aggregation of services / data ,,,1,0,0,100,,
RO.PD,operational,RO.PD.O1,Boolean,Realtime instantiation and switch to an alternative version of a process or service ,,,1,0,100,100,,
RO.PD,operational,RO.PD.O2,Percentage,% of resources for which configuration changes can be made ,%,,1,0,0,0,,
RO.PD,operational,RO.PD.O3,Boolean,Standardised Data/service migration tools available ,,,1,0,100,100,,
RO.PD,operational,RO.PD.O6,Boolean,Delivery services’ process tracking tool deployed ,,,1,0,0,100,,
RO.TPV,design,RO.TPV.D1,Boolean,Baseline(s) of satisfactory system performance present ,,,1,0,100,100,,
RO.TPV,design,RO.TPV.D2,Boolean,Provision for a storage monitoring system ,,,1,0,0,100,,
RO.TPV,operational,RO.TPV.O1,Boolean,Indicators of actual system performance ,,,1,0,100,100,,
RO.TPV,operational,RO.TPV.O2,Boolean,Tracking storage metrics ,,,1,0,0,100,,
RO.TPV,operational,RO.TPV.O3,Boolean,Monitoring IOPS ,,,1,0,0,100,,
RO.TPV,operational,RO.TPV.O4,Boolean,Monitoring I/O Splitting ,,,1,0,0,0,,
RO.EMR,design,RO.EMR.D1,Boolean,Provision for approval of policies prior to deployment ,,,1,0,100,,,
RO.EMR,design,RO.EMR.D2,Boolean,Policy retirement programme in place ,,,1,0,100,,,
RO.EMR,design,RO.EMR.D3,Boolean,Provision for consistent RAM requirements ,,,1,0,100,,,
RO.EMR,design,RO.EMR.D4,Boolean,Provision for RAM test strategies   ,,,1,0,0,,,
RO.EMR,operational,RO.EMR.O1,Boolean,Tracking of entitlements via granted policies ,,,1,0,0,100,,
RO.EMR,operational,RO.EMR.O2,Boolean,Tracking of entitlements via manual requests ,,,1,0,100,100,,
RO.EMR,operational,RO.EMR.O3,Boolean,Maintainability demonstration(s)  ,,,1,0,0,100,,
E.DPP,design,E.DPP.D1,Boolean,Creation of a data-scoping document  ,"The scoping-document explicates the context, the needs, the vision and the outcome of any data-related process.",,1,0,100,100,,
E.DPP,design,E.DPP.D2,Boolean,Description  of Prospective and Data-Structure provenance  ,"The Prospective and Data-Structure provenance represents the abstract workflow used to generate data, as well as the structure of the latter.",,1,0,100,100,,
E.DPP,design,E.DPP.D3,Boolean,Design of procedures to assess data-quality  ,"Data quality consist of completeness, conformity, consistency, accuracy, duplicates avoidance and integrity.",,1,0,0,100,,
E.DPP,design,E.DPP.D4,Boolean,Provision  for data handling rules  ,"The data-handling rules must relate data sensitivity (low, guarded, elevated, high, severe) to security zone (low, medium, high) and to the required type of transport/support.",,1,0,0,100,,
E.DPP,operational,E.DPP.O1,Boolean,Periodic verification that the collected data reside in the declared scope ,"The scoping-document explicates the context, the needs, the vision and the outcome of any data-related process.",,1,0,100,100,100,
E.DPP,operational,E.DPP.O2,Boolean,"For each entity, a single provenance record (or summary) is kept, in a tamper proof way ","The Prospective and Data-Structure provenance represents the abstract workflow used to generate data, as well as the structure of the latter.",,1,0,0,100,100,
E.DPP,operational,E.DPP.O3,Boolean,Maintenance of Retrospective and Process provenance  ,"The Prospective and Data-Structure provenance represents the abstract workflow used to generate data, as well as the structure of the latter.",,1,0,0,0,100,
E.DPP,operational,E.DPP.O4,Boolean,Periodic evaluation of data quality ,"Data quality consist of completeness, conformity, consistency, accuracy, duplicates avoidance and integrity.",,1,0,0,0,100,
E.DPP,operational,E.DPP.O5,Boolean,Deletion routines/procedures are deployed and they are executed correctly ,"The data-handling rules must relate data sensitivity (low, guarded, elevated, high, severe) to security zone (low, medium, high) and to the required type of transport/support.",,1,0,0,0,0,
E.DPP,operational,E.DPP.O6,Boolean,"Creation, deployment and continuous update of a register with data processing tools ","The data-handling rules must relate data sensitivity (low, guarded, elevated, high, severe) to security zone (low, medium, high) and to the required type of transport/support.",,1,0,0,0,0,
E.E,design,E.E.D1,Boolean,Creation of a data-scoping document,,,1,0,100,,,
E.E,operational,E.E.O1,Boolean,The user can track and monitor legitimate data usage and possible misuses ,,,1,0,100,100,,
E.E,operational,E.E.O2,Boolean,The user can track and monitor granted and unallowed accesses ,,,1,0,100,100,,
E.E,operational,E.E.O3,Boolean,"In any case, the user has full control on own personal data ",,,1,0,0,100,,
E.AU,design,E.AU.D1,Boolean,"Availability  of a document that identifies log-sources, according to organisation policies ",,,1,0,100,,,
E.AU,design,E.AU.D2,Boolean,Organisation-wide and cross-organisation logging and monitoring policies to ensure consistency of protocols ,,,1,0,100,,,
E.AU,design,E.AU.D3,Boolean,Employment of real-time monitoring ,,,1,0,0,,,
E.AU,design,E.AU.D4,Boolean,The audit trail covers the entire ID lifecycle  ,,,1,0,0,,,
E.AU,operational,E.AU.O1,Percentage,How often the log is rotated,"100% – every 60 mins or less (or 1mb)
66% – every 24 hours or less (or 5mb)
33% – every 1 week or less (or 25mb)
0% - never",,1,0,66,66,,
E.AU,operational,E.AU.O2,Percentage,How often does the system transfer log-data to a secure log management infrastructure? ,"100%– less than 5 mins
66% – less than 1 hour
33% – less than 1 day 
0 - never",,1,0,0,66,,
E.AU,operational,E.AU.O3,Boolean,Log integrity is constantly verified ,,,1,0,0,0,,
E.AU,operational,E.AU.O4,Boolean,Log is transferred and stored in an encrypted format ,,,1,0,0,0,,
E.DEC,design,E.DEC.D1,Boolean,A  Data Protection Impact Assessment (DPIA) has been developed   ,,,1,0,100,100,,
E.DEC,design,E.DEC.D2,Boolean,"Customers awareness of automated decision-making, What information is used and where this information is coming from ",,,1,0,0,100,,
E.DEC,design,E.DEC.D3,Boolean,"Customers awareness of automated decision-making, Usage of visuals to explain these concepts ",,,1,0,0,100,,
E.DEC,design,E.DEC.D4,Boolean,"Customers awareness of automated decision-making, Signed set of ethical principles to build trust with customers ",,,1,0,0,100,,
E.DEC,design,E.DEC.D5,Boolean,Data is anonymised in these decision-making activities ,,,1,0,0,0,,
E.DEC,operational,E.DEC.O1,Boolean,The system satisfies Article 29 Guidelines and the limitation provided by Article 22 of the GDPR,,,1,0,100,,,
RES.IFP,design,RES.IFP.D1,Boolean,Separate deployment profiles of patches ,,,1,0,100,,,
RES.IFP,design,RES.IFP.D2,Boolean,Rigorous preparation of patch deployment ,,,1,0,100,,,
RES.IFP,design,RES.IFP.D3,Boolean,Regular time-windows for patches ,,,1,0,100,,,
RES.IFP,design,RES.IFP.D4,Boolean,Provision for a patching severity and tracking system in place ,,,1,0,0,,,
RES.IFP,design,RES.IFP.D5,Boolean,Security control catalogue ,,,1,0,0,,,
RES.SPE,design,RES.SPE.D1,Boolean,Plan of actions and milestones ,,,1,0,100,100,,
RES.SPE,design,RES.SPE.D2,Boolean,Establish cyber resilience design principles ,,,1,0,100,100,,
RES.SPE,design,RES.SPE.D3,Boolean,Provision for an information security architecture ,,,1,0,0,100,,
RES.SPE,design,RES.SPE.D4,Boolean,Provision for a tool to monitor third-party security ,,,1,0,0,100,,
RES.SPE,operational,RES.SPE.O2,Percentage,Percentage of cyber resources to which access is controlled based on sensitivity ,MITRE resilience catalogue,,1,0,0,,,
RES.SPE,operational,RES.SPE.O3,Boolean, Compliance with contractual SLAs ,MITRE resilience catalogue,,1,0,100,,,
RES.BD,design,RES.BD.D1,Boolean,Provision for BCR/DR Plan(s) ,,,1,0,100,100,,
RES.BD,design,RES.BD.D2,Boolean,Provision for Business Impact Assessment (BIA) ,,,1,0,100,100,,
RES.BD,design,RES.BD.D3,Boolean,Provision for alternate storage site ,,,1,0,0,0,,
RES.BD,design,RES.BD.D4,Boolean,Alternate processing site ,,,1,0,0,0,,
RES.BD,design,RES.BD.D5,Boolean,Provision for information system backup ,,,1,0,0,0,,
RES.BD,design,RES.BD.D6,Boolean,Provision for alternative security mechanisms ,,,1,0,0,100,,
RES.BD,design,RES.BD.D7,Boolean,Provision for alternate communication protocols ,,,1,0,0,100,,
RES.BD,operational,RES.BD.O3,Boolean,Contingency plans tested ,,,1,0,100,100,,
RES.BD,operational,RES.BD.O4,Boolean,Results of Recovery plans tested ,,,1,0,100,100,,
RES.BD,operational,RES.BD.O5,Boolean,Maximum Tolerable Period of Disruption ( MTPoD) defined ,,,1,0,0,100,,
RES.BD,operational,RES.BD.O6,Boolean,Predictable failure prevention ,,,1,0,0,0,,
RES.BD,operational,RES.BD.O7,Boolean,Conformance with ISO22301 ,,,1,0,0,0,,
RES.BD,operational,RES.BD.O8,Percentage,Percentage of mission-critical and system control data for which provenance can be validated ,%,,1,0,25,75,,
RES.BD,operational,RES.BD.O10,Percentage,% of mission-critical cyber resources which are recovered from a backup,,,1,0,25,75,,
RES.BD,operational,RES.BD.O11,Percentage,% of cyber resources for which additional monitoring is applied during and after the recovery process,,,1,0,25,75,,
RES.CR,design,RES.CR.D1,Boolean,Criticality analysis  ,,,1,0,100,100,,
RES.CR,design,RES.CR.D2,Boolean,Define resilience objectives ,,,1,0,100,100,,
RES.CR,design,RES.CR.D3,Boolean,Define mission assurance plans ,,,1,0,0,0,,
RES.CR,design,RES.CR.D4,Boolean,Establish stakeholders' priorities  ,,,1,0,0,100,,
RES.CR,design,RES.CR.D5,Boolean,Provision for assessing expected effects of adversaries’ TTPs ,,,1,0,0,100,,
RES.CR,operational,RES.CR.O1,Boolean,Time of recovery within risk threshold ,,,1,0,100,,,
RES.CR,operational,RES.CR.O6,Percentage,% of cyber resources for which access control is maintained throughout the recovery process,,,1,0,0,,,
RES.BPDC,design,RES.BPDC.D1,Boolean,Provision for assets inventory ,,,1,0,100,,,
RES.BPDC,design,RES.BPDC.D2,Boolean,Provision for service access monitoring ,,,1,0,100,,,
RES.BPDC,design,RES.BPDC.D3,Boolean,Is the system capable of specifying Static & Dynamic SoD rules? ,,,1,0,100,,,
RES.BPDC,operational,RES.BPDC.O1,Percentage,% of cyber assets to which access is controlled based on criticality ,,,1,0,0,,,
RES.BPDC,operational,RES.BPDC.O2,Boolean,False Positive Reporting Rate (FPRR) ,,,1,0,0,,,
RES.BPDC,operational,RES.BPDC.O3,Boolean,Static SoD rules applied ,,,1,0,100,,,
RES.BPDC,operational,RES.BPDC.O4,Boolean,Dynamic SoD rules applied ,,,1,0,100,,,
RES.BPDC,operational,RES.BPDC.O5,Boolean,Frequency of service access monitoring,,,1,0,100,,,
RES.RS,design,RES.RS.D1,Boolean,Provision for incident response control(s) ,,,1,0,100,,,
RES.RS,design,RES.RS.D2,Boolean,Provision for IR Plan(s) ,,,1,0,100,,,
RES.RS,operational,RES.RS.O1,Boolean,Incident reporting controls deployed ,,NIST SP 800-53(r4),1,0,100,100,,
RES.RS,operational,RES.RS.O2,Boolean,Incident response policy and procedures tested ,,NIST SP 800-53(r4),1,0,0,100,,
RES.RS,operational,RES.RS.O4,Boolean,Incident monitoring deployed ,,NIST SP 800-53(r4),1,0,100,100,,
RES.RS,operational,RES.RS.O5,Boolean,Incident response assistance acquired  ,,NIST SP 800-53(r4),1,0,0,0,,
RES.RS,operational,RES.RS.O6,Boolean,Incident Response Plan tested ,,NIST SP 800-53(r4),1,0,0,100,,
RES.IDR,design,R£S.IDR.D1,Boolean,Provision for password history policy ,,,1,0,100,,,
RES.IDR,design,R£S.IDR.D2,Boolean,Provision for minimum password policy age ,,,1,0,100,,,
RES.IDR,design,R£S.IDR.D3,Boolean,Provision for Maximum password age policy ,,,1,0,100,,,
RES.IDR,design,R£S.IDR.D4,Boolean,Provision for Minimum password length policy ,,,1,0,100,,,
RES.IDR,design,R£S.IDR.D5,Boolean,Provision for a password audit policy ,,,1,0,100,,,
RES.IDR,design,R£S.IDR.D6,Boolean,Provision for automated password recovery ,,,1,0,0,,,
RES.IDR,operational,R£S.IDR.O1,Boolean,Enforce password history policy ,,,1,0,100,,,
RES.IDR,operational,R£S.IDR.O2,Boolean,Enforce minimum password policy age ,,,1,0,100,,,
RES.IDR,operational,R£S.IDR.O3,Boolean,Enforce Maximum password age policy ,,,1,0,100,,,
RES.IDR,operational,R£S.IDR.O4,Boolean,Enforce Minimum password length policy ,,,1,0,100,,,
RES.IDR,operational,R£S.IDR.O5,Boolean,Enforced password audit policy ,,,1,0,100,,,
RES.IDR,operational,R£S.IDR.O6,Boolean,Automated password recovery deployed ,,,1,0,0,,,
REL.SUS,design,REL.SUS.D1,Boolean,Provision for compliance with FATF46 policies and guidelines  ,,https://www.fatf-gafi.org/media/fatf/documents/recommendations/pdfs/Guidance-on-Digital-Identity-report.pdf,1,0,100,,,
REL.SUS,design,REL.SUS.D2,Boolean,Identification of CDD measures using risk-based approach(es)  ,,,1,0,100,,,
REL.SUS,design,REL.SUS.D3,Boolean,3rd parties adhere to CDD requirements  ,,,1,0,100,,,
REL.SUS,operational,REL.SUS.O1,Boolean,Customer Due diligence (CDD) obligations imposed  ,,,1,0,100,,,
REL.SUS,operational,REL.SUS.O2,Boolean,Ongoing authentication of an onboarded customer/citizen  ,,,1,0,100,,,
REL.SUS,operational,REL.SUS.O3,Boolean,"RBA47 present to using DID for citizen identification, verification & authentication  ",,,1,0,100,,,
REL.AL,design,REL.AL.D1,Boolean,Identification of CDD measures using risk-based approach(es)  ,,ICAO 9303 ,1,,,,,
REL.AL,design,REL.AL.D2,Boolean,Establish Identity Assurance Levels (IAL) for ID proofing  ,,ICAO 9303 ,1,,,,,
REL.AL,design,REL.AL.D3,Boolean,Provision for standardised ID proofing requirements  ,,ICAO 9303 ,1,,,,,
REL.AL,design,REL.AL.D4,Boolean,Establish evidence collection requirements  ,,ICAO 9303 ,1,,,,,
REL.AL,design,REL.AL.D5,Boolean,Provision for compliance with FATF49 policies and guidelines  ,,ICAO 9303 ,1,,,,,
REL.AL,design,REL.AL.D6,Boolean,Identification of CDD measures using risk-based approach(es)  ,,ICAO 9303 ,1,,,,,
REL.AL,design,REL.AL.D7,Boolean,Provision for managing liability and legal issues  ,,ICAO 9303 ,1,,,,,
REL.AL,design,REL.AL.D8,Boolean,"Legal structure in place for roles, rights and responsibilities  ",,ICAO 9303 ,1,,,,,
REL.AL,design,REL.AL.D9,Boolean,Provision for self-assessment  ,,ICAO 9303 ,1,,,,,
REL.AL,design,REL.AL.D10,Boolean,Assurance levels for identity proofing  ,,ICAO 9303 ,1,,,,,
REL.AL,operational,REL.AL.O1,Boolean,Evidence of assessing ID proofing at different IAL  ,,ICAO 9303 ,1,,,,,
REL.AL,operational,REL.AL.O2,Boolean,Auditing of resolution-validation-verification processes in ID proofing  ,,ICAO 9303 ,1,,,,,
REL.AL,operational,REL.AL.O3,Boolean,Use of biometrically-enabled Machine Readable Travel Document (MRTD),,ICAO 9303 ,1,,,,,
REL.AL,operational,REL.AL.O5,Boolean,Customer Due diligence (CDD) obligations imposed  ,,ICAO 9303 ,1,,,,,
REL.AL,operational,REL.AL.O6,Boolean,Transaction monitoring technology present  ,,ICAO 9303 ,1,,,,,
REL.AL,operational,REL.AL.O7,Boolean,Conformance with ISO/IEC 29115:2013 ,,ICAO 9303 ,1,,,,,
REL.AL,operational,REL.AL.O8,Boolean,Conformance with ISO/IEC TS 29003  ,,ICAO 9303 ,1,,,,,
REL.AL,operational,REL.AL.O9,Boolean,Conformance with ISO 24760 51 ,,ICAO 9303 ,1,,,,,
REL.AL,operational,REL.AL.O10,Boolean,Conformance with eIDAS ,,ICAO 9303 ,1,,,,,
REL.AL,operational,REL.AL.O11,Boolean,Conformance with ISO/IEC 29115,,ICAO 9303 ,1,,,,,
REL.GA,design,REL.GA.D1,Boolean,Provision for Government approved audits  ,,,1,,,,,
REL.GA,operational,REL.GA.O1,Boolean,Conformance with ISO/IEC 17065 ,,,1,,,,,
REL.EAS,design,REL.EAS.D1,Boolean,Provision for approving audit plans  ,,,1,0,0,0,,
REL.EAS,design,REL.EAS.D2,Boolean,Quality assurance program for internal audits  ,,,1,0,100,100,,
REL.EAS,design,REL.EAS.D3,Boolean,Quality assurance program for external audits  ,,,1,0,0,100,,
REL.EAS,design,REL.EAS.D4,Boolean,Provision for automated audit tools  ,,,1,0,0,100,,
REL.EAS,operational,REL.EAS.O1,Boolean,Evidence of balanced scorecards  ,,,1,0,100,100,,
REL.EAS,operational,REL.EAS.O2,Boolean,Corrective actions executed  ,,,1,0,0,0,,
REL.EAS,operational,REL.EAS.O3,Boolean,Frequent self-assessment audits ,,,1,0,0,100,,
REL.EAS,operational,REL.EAS.O4,Boolean,Ongoing monitoring of external audits  ,,,1,0,0,100,,
REL.EAS,operational,REL.EAS.O5,Boolean,Compliance with the audit plan(s),,,1,0,0,0,,
REL.HUT,design,REL.HUT.D1,Boolean,Provision for error-handling at runtime  ,,,1,,,,,
REL.HUT,design,REL.HUT.D2,Boolean,Provision for monitoring and logging DIMS application errors  ,,,1,,,,,
REL.HUT,design,REL.HUT.D3,Boolean,Provision for unhandled exceptions logging  ,,,1,,,,,
REL.HUT,operational,REL.HUT.O1,Boolean,Error-handling mechanisms deployed  ,,,1,,,,,
E.OP,design,E.OP.D1,Boolean,Use of standard and widely recognised algorithms in EIDS ,,,1,0,100,,,
E.OP,design,E.OP.D2,Boolean,Creation of a data-scoping document ,,,1,0,0,,,
E.OP,design,E.OP.D3,Boolean,Visibility and justifications for system parameters ,,,1,0,100,,,
E.OP,operational,E.OP.O1,Boolean,Verification of user comprehension of applied policies,,,1,0,100,,,